{"cameraMode":{"drawMode":0,"name":"Shaded","section":"Shading Mode"},"sceneLighting":true,"audioPlay":false,"sceneViewState":{"showFog":true,"showMaterialUpdate":false,"showSkybox":true,"showFlares":true,"showImageEffects":true,"showParticleSystems":true,"showVisualEffectGraphs":true,"m_FxEnabled":true},"in2DMode":false,"pivot":{"x":4.3090715408325199,"y":0.7030482292175293,"z":1.1258454322814942},"rotation":{"x":0.024194274097681047,"y":0.9599857926368713,"z":-0.266085147857666,"w":0.08419394493103028},"size":2.1706504821777345,"orthographic":false}